country_name,year,rig_count
Afghanistan,2025,0
Afghanistan,2024,0
Afghanistan,2023,0
Afghanistan,2022,0
Afghanistan,2021,0
Afghanistan,2020,0
Afghanistan,2019,0
Afghanistan,2018,0
Afghanistan,2017,0
Afghanistan,2016,0
Afghanistan,2015,0
Afghanistan,2014,0
Afghanistan,2013,0
Afghanistan,2012,0
Afghanistan,2011,0
Afghanistan,2010,0
Afghanistan,2009,0
Afghanistan,2008,0
Afghanistan,2007,0
Afghanistan,2006,0
Afghanistan,2005,0
Afghanistan,2004,0
Albania,2025,36
Albania,2024,0
Albania,2023,51
Albania,2022,48
Albania,2021,7
Albania,2020,0
Albania,2019,18
Albania,2018,50
Albania,2017,96
Albania,2016,37
Albania,2015,126
Albania,2014,304
Albania,2013,290
Albania,2012,133
Albania,2011,51
Albania,2010,39
Albania,2009,35
Albania,2008,21
Albania,2007,40
Albania,2006,44
Albania,2005,45
Albania,2004,60
Algeria,2025,1955
Algeria,2024,532
Algeria,2023,1891
Algeria,2022,1636
Algeria,2021,1367
Algeria,2020,1589
Algeria,2019,2332
Algeria,2018,2576
Algeria,2017,2761
Algeria,2016,2827
Algeria,2015,2629
Algeria,2014,2467
Algeria,2013,2407
Algeria,2012,1272
Algeria,2011,1825
Algeria,2010,2089
Algeria,2009,766
Algeria,2008,1355
Algeria,2007,1323
Algeria,2006,898
Algeria,2005,1479
Algeria,2004,2874
Andorra,2025,0
Andorra,2024,0
Andorra,2023,0
Andorra,2022,0
Andorra,2021,0
Andorra,2020,0
Andorra,2019,0
Andorra,2018,0
Andorra,2017,0
Andorra,2016,0
Andorra,2015,0
Andorra,2014,0
Andorra,2013,0
Andorra,2012,0
Andorra,2011,0
Andorra,2010,0
Andorra,2009,0
Andorra,2008,0
Andorra,2007,0
Andorra,2006,0
Andorra,2005,0
Andorra,2004,0
Angola,2025,88
Angola,2024,69
Angola,2023,492
Angola,2022,357
Angola,2021,232
Angola,2020,157
Angola,2019,226
Angola,2018,186
Angola,2017,136
Angola,2016,327
Angola,2015,579
Angola,2014,768
Angola,2013,578
Angola,2012,244
Angola,2011,235
Angola,2010,670
Angola,2009,676
Angola,2008,268
Angola,2007,494
Angola,2006,250
Angola,2005,459
Angola,2004,271
Antigua & Barbuda,2025,0
Antigua & Barbuda,2024,0
Antigua & Barbuda,2023,0
Antigua & Barbuda,2022,0
Antigua & Barbuda,2021,0
Antigua & Barbuda,2020,0
Antigua & Barbuda,2019,0
Antigua & Barbuda,2018,0
Antigua & Barbuda,2017,0
Antigua & Barbuda,2016,0
Antigua & Barbuda,2015,0
Antigua & Barbuda,2014,0
Antigua & Barbuda,2013,0
Antigua & Barbuda,2012,0
Antigua & Barbuda,2011,0
Antigua & Barbuda,2010,0
Antigua & Barbuda,2009,0
Antigua & Barbuda,2008,0
Antigua & Barbuda,2007,0
Antigua & Barbuda,2006,0
Antigua & Barbuda,2005,0
Antigua & Barbuda,2004,0
Argentina,2025,3478
Argentina,2024,1686
Argentina,2023,3013
Argentina,2022,2781
Argentina,2021,2258
Argentina,2020,1103
Argentina,2019,3317
Argentina,2018,3692
Argentina,2017,3209
Argentina,2016,3614
Argentina,2015,5466
Argentina,2014,5355
Argentina,2013,4281
Argentina,2012,2168
Argentina,2011,3062
Argentina,2010,1461
Argentina,2009,2076
Argentina,2008,1960
Argentina,2007,1866
Argentina,2006,2380
Argentina,2005,3266
Argentina,2004,2131
Armenia,2025,0
Armenia,2024,0
Armenia,2023,0
Armenia,2022,0
Armenia,2021,0
Armenia,2020,0
Armenia,2019,0
Armenia,2018,0
Armenia,2017,0
Armenia,2016,0
Armenia,2015,0
Armenia,2014,0
Armenia,2013,0
Armenia,2012,0
Armenia,2011,0
Armenia,2010,0
Armenia,2009,0
Armenia,2008,0
Armenia,2007,0
Armenia,2006,0
Armenia,2005,0
Armenia,2004,0
Australia,2025,1678
Australia,2024,253
Australia,2023,1004
Australia,2022,1025
Australia,2021,948
Australia,2020,920
Australia,2019,1242
Australia,2018,995
Australia,2017,728
Australia,2016,339
Australia,2015,798
Australia,2014,1046
Australia,2013,921
Australia,2012,583
Australia,2011,269
Australia,2010,317
Australia,2009,563
Australia,2008,442
Australia,2007,719
Australia,2006,742
Australia,2005,978
Australia,2004,1266
Austria,2025,22
Austria,2024,13
Austria,2023,52
Austria,2022,52
Austria,2021,32
Austria,2020,5
Austria,2019,46
Austria,2018,53
Austria,2017,38
Austria,2016,0
Austria,2015,34
Austria,2014,140
Austria,2013,142
Austria,2012,106
Austria,2011,36
Austria,2010,40
Austria,2009,29
Austria,2008,17
Austria,2007,11
Austria,2006,21
Austria,2005,72
Austria,2004,45
Azerbaijan,2025,0
Azerbaijan,2024,0
Azerbaijan,2023,0
Azerbaijan,2022,0
Azerbaijan,2021,0
Azerbaijan,2020,0
Azerbaijan,2019,0
Azerbaijan,2018,0
Azerbaijan,2017,0
Azerbaijan,2016,0
Azerbaijan,2015,0
Azerbaijan,2014,0
Azerbaijan,2013,0
Azerbaijan,2012,0
Azerbaijan,2011,0
Azerbaijan,2010,0
Azerbaijan,2009,0
Azerbaijan,2008,0
Azerbaijan,2007,0
Azerbaijan,2006,0
Azerbaijan,2005,0
Azerbaijan,2004,0
Bahrain,2025,40
Bahrain,2024,13
Bahrain,2023,52
Bahrain,2022,52
Bahrain,2021,53
Bahrain,2020,52
Bahrain,2019,52
Bahrain,2018,103
Bahrain,2017,104
Bahrain,2016,37
Bahrain,2015,58
Bahrain,2014,195
Bahrain,2013,217
Bahrain,2012,128
Bahrain,2011,77
Bahrain,2010,39
Bahrain,2009,66
Bahrain,2008,29
Bahrain,2007,33
Bahrain,2006,41
Bahrain,2005,53
Bahrain,2004,90
Bangladesh,2025,72
Bangladesh,2024,26
Bangladesh,2023,82
Bangladesh,2022,0
Bangladesh,2021,0
Bangladesh,2020,0
Bangladesh,2019,0
Bangladesh,2018,0
Bangladesh,2017,5
Bangladesh,2016,0
Bangladesh,2015,2
Bangladesh,2014,52
Bangladesh,2013,52
Bangladesh,2012,59
Bangladesh,2011,0
Bangladesh,2010,92
Bangladesh,2009,2
Bangladesh,2008,0
Bangladesh,2007,58
Bangladesh,2006,5
Bangladesh,2005,11
Bangladesh,2004,19
Belarus,2025,0
Belarus,2024,0
Belarus,2023,0
Belarus,2022,0
Belarus,2021,0
Belarus,2020,0
Belarus,2019,0
Belarus,2018,0
Belarus,2017,0
Belarus,2016,0
Belarus,2015,0
Belarus,2014,0
Belarus,2013,0
Belarus,2012,0
Belarus,2011,0
Belarus,2010,0
Belarus,2009,0
Belarus,2008,0
Belarus,2007,0
Belarus,2006,0
Belarus,2005,0
Belarus,2004,0
Belgium,2025,0
Belgium,2024,0
Belgium,2023,0
Belgium,2022,0
Belgium,2021,0
Belgium,2020,0
Belgium,2019,0
Belgium,2018,0
Belgium,2017,0
Belgium,2016,0
Belgium,2015,0
Belgium,2014,0
Belgium,2013,0
Belgium,2012,0
Belgium,2011,0
Belgium,2010,0
Belgium,2009,0
Belgium,2008,0
Belgium,2007,0
Belgium,2006,0
Belgium,2005,0
Belgium,2004,0
Belize,2025,0
Belize,2024,0
Belize,2023,0
Belize,2022,0
Belize,2021,0
Belize,2020,0
Belize,2019,0
Belize,2018,0
Belize,2017,0
Belize,2016,0
Belize,2015,0
Belize,2014,0
Belize,2013,0
Belize,2012,0
Belize,2011,0
Belize,2010,0
Belize,2009,0
Belize,2008,0
Belize,2007,0
Belize,2006,0
Belize,2005,0
Belize,2004,0
Benin,2025,0
Benin,2024,0
Benin,2023,0
Benin,2022,0
Benin,2021,0
Benin,2020,0
Benin,2019,0
Benin,2018,0
Benin,2017,0
Benin,2016,0
Benin,2015,17
Benin,2014,20
Benin,2013,0
Benin,2012,0
Benin,2011,0
Benin,2010,0
Benin,2009,0
Benin,2008,0
Benin,2007,0
Benin,2006,0
Benin,2005,0
Benin,2004,0
Bhutan,2025,0
Bhutan,2024,0
Bhutan,2023,0
Bhutan,2022,0
Bhutan,2021,0
Bhutan,2020,0
Bhutan,2019,0
Bhutan,2018,0
Bhutan,2017,0
Bhutan,2016,0
Bhutan,2015,0
Bhutan,2014,0
Bhutan,2013,0
Bhutan,2012,0
Bhutan,2011,0
Bhutan,2010,0
Bhutan,2009,0
Bhutan,2008,0
Bhutan,2007,0
Bhutan,2006,0
Bhutan,2005,0
Bhutan,2004,0
Bolivia,2025,173
Bolivia,2024,27
Bolivia,2023,203
Bolivia,2022,122
Bolivia,2021,147
Bolivia,2020,123
Bolivia,2019,188
Bolivia,2018,174
Bolivia,2017,163
Bolivia,2016,248
Bolivia,2015,242
Bolivia,2014,405
Bolivia,2013,448
Bolivia,2012,253
Bolivia,2011,0
Bolivia,2010,93
Bolivia,2009,0
Bolivia,2008,173
Bolivia,2007,0
Bolivia,2006,177
Bolivia,2005,96
Bolivia,2004,204
Bosnia & Herzegovina,2025,0
Bosnia & Herzegovina,2024,0
Bosnia & Herzegovina,2023,0
Bosnia & Herzegovina,2022,0
Bosnia & Herzegovina,2021,0
Bosnia & Herzegovina,2020,0
Bosnia & Herzegovina,2019,0
Bosnia & Herzegovina,2018,0
Bosnia & Herzegovina,2017,0
Bosnia & Herzegovina,2016,0
Bosnia & Herzegovina,2015,0
Bosnia & Herzegovina,2014,0
Bosnia & Herzegovina,2013,0
Bosnia & Herzegovina,2012,0
Bosnia & Herzegovina,2011,0
Bosnia & Herzegovina,2010,0
Bosnia & Herzegovina,2009,0
Bosnia & Herzegovina,2008,0
Bosnia & Herzegovina,2007,0
Bosnia & Herzegovina,2006,0
Bosnia & Herzegovina,2005,0
Bosnia & Herzegovina,2004,0
Botswana,2025,0
Botswana,2024,0
Botswana,2023,0
Botswana,2022,0
Botswana,2021,0
Botswana,2020,0
Botswana,2019,0
Botswana,2018,0
Botswana,2017,0
Botswana,2016,0
Botswana,2015,0
Botswana,2014,0
Botswana,2013,0
Botswana,2012,0
Botswana,2011,0
Botswana,2010,0
Botswana,2009,0
Botswana,2008,0
Botswana,2007,0
Botswana,2006,0
Botswana,2005,0
Botswana,2004,0
Brazil,2025,895
Brazil,2024,214
Brazil,2023,756
Brazil,2022,613
Brazil,2021,495
Brazil,2020,567
Brazil,2019,550
Brazil,2018,644
Brazil,2017,794
Brazil,2016,1027
Brazil,2015,2099
Brazil,2014,2371
Brazil,2013,3249
Brazil,2012,2426
Brazil,2011,1148
Brazil,2010,537
Brazil,2009,754
Brazil,2008,46
Brazil,2007,584
Brazil,2006,332
Brazil,2005,572
Brazil,2004,250
Brunei Darussalam,2025,38
Brunei Darussalam,2024,4
Brunei Darussalam,2023,42
Brunei Darussalam,2022,32
Brunei Darussalam,2021,19
Brunei Darussalam,2020,27
Brunei Darussalam,2019,52
Brunei Darussalam,2018,44
Brunei Darussalam,2017,71
Brunei Darussalam,2016,66
Brunei Darussalam,2015,50
Brunei Darussalam,2014,56
Brunei Darussalam,2013,94
Brunei Darussalam,2012,36
Brunei Darussalam,2011,34
Brunei Darussalam,2010,34
Brunei Darussalam,2009,49
Brunei Darussalam,2008,21
Brunei Darussalam,2007,45
Brunei Darussalam,2006,12
Brunei Darussalam,2005,24
Brunei Darussalam,2004,37
Bulgaria,2025,2
Bulgaria,2024,0
Bulgaria,2023,1
Bulgaria,2022,18
Bulgaria,2021,0
Bulgaria,2020,5
Bulgaria,2019,14
Bulgaria,2018,0
Bulgaria,2017,0
Bulgaria,2016,40
Bulgaria,2015,19
Bulgaria,2014,27
Bulgaria,2013,64
Bulgaria,2012,31
Bulgaria,2011,4
Bulgaria,2010,12
Bulgaria,2009,0
Bulgaria,2008,0
Bulgaria,2007,17
Bulgaria,2006,0
Bulgaria,2005,0
Bulgaria,2004,0
Burkina Faso,2025,0
Burkina Faso,2024,0
Burkina Faso,2023,0
Burkina Faso,2022,0
Burkina Faso,2021,0
Burkina Faso,2020,0
Burkina Faso,2019,0
Burkina Faso,2018,0
Burkina Faso,2017,0
Burkina Faso,2016,0
Burkina Faso,2015,0
Burkina Faso,2014,0
Burkina Faso,2013,0
Burkina Faso,2012,0
Burkina Faso,2011,0
Burkina Faso,2010,0
Burkina Faso,2009,0
Burkina Faso,2008,0
Burkina Faso,2007,0
Burkina Faso,2006,0
Burkina Faso,2005,0
Burkina Faso,2004,0
Burundi,2025,0
Burundi,2024,0
Burundi,2023,0
Burundi,2022,0
Burundi,2021,0
Burundi,2020,0
Burundi,2019,0
Burundi,2018,0
Burundi,2017,0
Burundi,2016,0
Burundi,2015,0
Burundi,2014,0
Burundi,2013,0
Burundi,2012,0
Burundi,2011,0
Burundi,2010,0
Burundi,2009,0
Burundi,2008,0
Burundi,2007,0
Burundi,2006,0
Burundi,2005,0
Burundi,2004,0
Cambodia,2025,0
Cambodia,2024,0
Cambodia,2023,0
Cambodia,2022,0
Cambodia,2021,0
Cambodia,2020,0
Cambodia,2019,0
Cambodia,2018,0
Cambodia,2017,0
Cambodia,2016,0
Cambodia,2015,0
Cambodia,2014,0
Cambodia,2013,0
Cambodia,2012,0
Cambodia,2011,0
Cambodia,2010,0
Cambodia,2009,0
Cambodia,2008,0
Cambodia,2007,0
Cambodia,2006,0
Cambodia,2005,0
Cambodia,2004,0
Cameroon,2025,210
Cameroon,2024,254
Cameroon,2023,258
Cameroon,2022,270
Cameroon,2021,175
Cameroon,2020,172
Cameroon,2019,466
Cameroon,2018,216
Cameroon,2017,122
Cameroon,2016,53
Cameroon,2015,295
Cameroon,2014,449
Cameroon,2013,412
Cameroon,2012,190
Cameroon,2011,143
Cameroon,2010,64
Cameroon,2009,254
Cameroon,2008,149
Cameroon,2007,179
Cameroon,2006,180
Cameroon,2005,197
Cameroon,2004,10
Canada,2025,174
Canada,2024,189
Canada,2023,177
Canada,2022,175
Canada,2021,133
Canada,2020,89
Canada,2019,134
Canada,2018,191
Canada,2017,206
Canada,2016,130
Canada,2015,191
Canada,2014,376
Canada,2013,353
Canada,2012,364
Canada,2011,185
Canada,2010,179
Canada,2009,193
Canada,2008,183
Canada,2007,169
Canada,2006,181
Canada,2005,180
Canada,2004,185
Chad,2025,250
Chad,2024,39
Chad,2023,174
Chad,2022,181
Chad,2021,159
Chad,2020,241
Chad,2019,364
Chad,2018,170
Chad,2017,27
Chad,2016,0
Chad,2015,109
Chad,2014,473
Chad,2013,193
Chad,2012,62
Chad,2011,205
Chad,2010,136
Chad,2009,67
Chad,2008,34
Chad,2007,144
Chad,2006,194
Chad,2005,9
Chad,2004,125
Chile,2025,45
Chile,2024,26
Chile,2023,71
Chile,2022,99
Chile,2021,82
Chile,2020,29
Chile,2019,73
Chile,2018,85
Chile,2017,111
Chile,2016,149
Chile,2015,136
Chile,2014,199
Chile,2013,149
Chile,2012,89
Chile,2011,71
Chile,2010,88
Chile,2009,30
Chile,2008,6
Chile,2007,131
Chile,2006,74
Chile,2005,15
Chile,2004,60
China,2025,913
China,2024,670
China,2023,2592
China,2022,2194
China,2021,2025
China,2020,1936
China,2019,2003
China,2018,1503
China,2017,1202
China,2016,1437
China,2015,1429
China,2014,1442
China,2013,939
China,2012,466
China,2011,3875
China,2010,2978
China,2009,1544
China,2008,2416
China,2007,1630
China,2006,1719
China,2005,2810
China,2004,2042
Colombia,2025,2174
Colombia,2024,259
Colombia,2023,1437
Colombia,2022,1671
Colombia,2021,1020
Colombia,2020,665
Colombia,2019,1587
Colombia,2018,1376
Colombia,2017,1111
Colombia,2016,434
Colombia,2015,1298
Colombia,2014,2243
Colombia,2013,2201
Colombia,2012,1242
Colombia,2011,731
Colombia,2010,1097
Colombia,2009,833
Colombia,2008,0
Colombia,2007,137
Colombia,2006,150
Colombia,2005,1404
Colombia,2004,176
"Congo, Dem. Rep.",2025,65
"Congo, Dem. Rep.",2024,26
"Congo, Dem. Rep.",2023,78
"Congo, Dem. Rep.",2022,39
"Congo, Dem. Rep.",2021,12
"Congo, Dem. Rep.",2020,32
"Congo, Dem. Rep.",2019,166
"Congo, Dem. Rep.",2018,156
"Congo, Dem. Rep.",2017,90
"Congo, Dem. Rep.",2016,82
"Congo, Dem. Rep.",2015,200
"Congo, Dem. Rep.",2014,330
"Congo, Dem. Rep.",2013,274
"Congo, Dem. Rep.",2012,65
"Congo, Dem. Rep.",2011,0
"Congo, Dem. Rep.",2010,35
"Congo, Dem. Rep.",2009,53
"Congo, Dem. Rep.",2008,56
"Congo, Dem. Rep.",2007,80
"Congo, Dem. Rep.",2006,49
"Congo, Dem. Rep.",2005,100
"Congo, Dem. Rep.",2004,83
Costa Rica,2025,0
Costa Rica,2024,0
Costa Rica,2023,0
Costa Rica,2022,0
Costa Rica,2021,0
Costa Rica,2020,0
Costa Rica,2019,0
Costa Rica,2018,0
Costa Rica,2017,0
Costa Rica,2016,0
Costa Rica,2015,0
Costa Rica,2014,0
Costa Rica,2013,0
Costa Rica,2012,0
Costa Rica,2011,0
Costa Rica,2010,0
Costa Rica,2009,0
Costa Rica,2008,0
Costa Rica,2007,0
Costa Rica,2006,0
Costa Rica,2005,0
Costa Rica,2004,0
Cote d'Ivoire,2025,0
Cote d'Ivoire,2024,6
Cote d'Ivoire,2023,4
Cote d'Ivoire,2022,81
Cote d'Ivoire,2021,39
Cote d'Ivoire,2020,0
Cote d'Ivoire,2019,21
Cote d'Ivoire,2018,28
Cote d'Ivoire,2017,12
Cote d'Ivoire,2016,66
Cote d'Ivoire,2015,90
Cote d'Ivoire,2014,54
Cote d'Ivoire,2013,29
Cote d'Ivoire,2012,61
Cote d'Ivoire,2011,0
Cote d'Ivoire,2010,52
Cote d'Ivoire,2009,8
Cote d'Ivoire,2008,37
Cote d'Ivoire,2007,0
Cote d'Ivoire,2006,0
Cote d'Ivoire,2005,0
Cote d'Ivoire,2004,0
Croatia,2025,0
Croatia,2024,13
Croatia,2023,52
Croatia,2022,15
Croatia,2021,0
Croatia,2020,19
Croatia,2019,52
Croatia,2018,52
Croatia,2017,52
Croatia,2016,53
Croatia,2015,52
Croatia,2014,92
Croatia,2013,65
Croatia,2012,31
Croatia,2011,0
Croatia,2010,26
Croatia,2009,12
Croatia,2008,0
Croatia,2007,14
Croatia,2006,35
Croatia,2005,59
Croatia,2004,28
Cuba,2025,0
Cuba,2024,0
Cuba,2023,0
Cuba,2022,0
Cuba,2021,0
Cuba,2020,0
Cuba,2019,0
Cuba,2018,0
Cuba,2017,0
Cuba,2016,0
Cuba,2015,0
Cuba,2014,0
Cuba,2013,0
Cuba,2012,0
Cuba,2011,0
Cuba,2010,0
Cuba,2009,0
Cuba,2008,0
Cuba,2007,0
Cuba,2006,0
Cuba,2005,0
Cuba,2004,0
Cyprus,2025,21
Cyprus,2024,3
Cyprus,2023,23
Cyprus,2022,33
Cyprus,2021,1
Cyprus,2020,0
Cyprus,2019,12
Cyprus,2018,10
Cyprus,2017,6
Cyprus,2016,0
Cyprus,2015,10
Cyprus,2014,12
Cyprus,2013,12
Cyprus,2012,0
Cyprus,2011,32
Cyprus,2010,26
Cyprus,2009,16
Cyprus,2008,25
Cyprus,2007,36
Cyprus,2006,33
Cyprus,2005,19
Cyprus,2004,0
Czech Republic,2025,0
Czech Republic,2024,9
Czech Republic,2023,0
Czech Republic,2022,0
Czech Republic,2021,0
Czech Republic,2020,11
Czech Republic,2019,32
Czech Republic,2018,24
Czech Republic,2017,10
Czech Republic,2016,60
Czech Republic,2015,104
Czech Republic,2014,104
Czech Republic,2013,94
Czech Republic,2012,40
Czech Republic,2011,8
Czech Republic,2010,10
Czech Republic,2009,0
Czech Republic,2008,0
Czech Republic,2007,2
Czech Republic,2006,0
Czech Republic,2005,2
Czech Republic,2004,4
Denmark,2025,11
Denmark,2024,8
Denmark,2023,27
Denmark,2022,0
Denmark,2021,0
Denmark,2020,0
Denmark,2019,11
Denmark,2018,14
Denmark,2017,35
Denmark,2016,55
Denmark,2015,132
Denmark,2014,110
Denmark,2013,89
Denmark,2012,32
Denmark,2011,7
Denmark,2010,11
Denmark,2009,25
Denmark,2008,0
Denmark,2007,16
Denmark,2006,3
Denmark,2005,7
Denmark,2004,0
Djibouti,2025,116
Djibouti,2024,26
Djibouti,2023,104
Djibouti,2022,104
Djibouti,2021,106
Djibouti,2020,104
Djibouti,2019,104
Djibouti,2018,47
Djibouti,2017,0
Djibouti,2016,0
Djibouti,2015,0
Djibouti,2014,0
Djibouti,2013,0
Djibouti,2012,0
Djibouti,2011,188
Djibouti,2010,108
Djibouti,2009,127
Djibouti,2008,35
Djibouti,2007,64
Djibouti,2006,79
Djibouti,2005,0
Djibouti,2004,59
Dominican Republic,2025,0
Dominican Republic,2024,0
Dominican Republic,2023,0
Dominican Republic,2022,0
Dominican Republic,2021,0
Dominican Republic,2020,0
Dominican Republic,2019,0
Dominican Republic,2018,0
Dominican Republic,2017,0
Dominican Republic,2016,0
Dominican Republic,2015,0
Dominican Republic,2014,0
Dominican Republic,2013,0
Dominican Republic,2012,0
Dominican Republic,2011,0
Dominican Republic,2010,0
Dominican Republic,2009,0
Dominican Republic,2008,0
Dominican Republic,2007,0
Dominican Republic,2006,0
Dominican Republic,2005,0
Dominican Republic,2004,0
Ecuador,2025,628
Ecuador,2024,96
Ecuador,2023,401
Ecuador,2022,483
Ecuador,2021,328
Ecuador,2020,158
Ecuador,2019,405
Ecuador,2018,422
Ecuador,2017,321
Ecuador,2016,223
Ecuador,2015,627
Ecuador,2014,1257
Ecuador,2013,1355
Ecuador,2012,673
Ecuador,2011,279
Ecuador,2010,129
Ecuador,2009,472
Ecuador,2008,146
Ecuador,2007,151
Ecuador,2006,592
Ecuador,2005,377
Ecuador,2004,93
Egypt,2025,1329
Egypt,2024,407
Egypt,2023,1709
Egypt,2022,1650
Egypt,2021,1356
Egypt,2020,1305
Egypt,2019,1353
Egypt,2018,1339
Egypt,2017,1249
Egypt,2016,1501
Egypt,2015,2165
Egypt,2014,2736
Egypt,2013,2720
Egypt,2012,1981
Egypt,2011,690
Egypt,2010,1265
Egypt,2009,1335
Egypt,2008,1699
Egypt,2007,431
Egypt,2006,1008
Egypt,2005,2391
Egypt,2004,613
El Salvador,2025,0
El Salvador,2024,0
El Salvador,2023,0
El Salvador,2022,0
El Salvador,2021,0
El Salvador,2020,0
El Salvador,2019,0
El Salvador,2018,0
El Salvador,2017,0
El Salvador,2016,0
El Salvador,2015,0
El Salvador,2014,0
El Salvador,2013,0
El Salvador,2012,0
El Salvador,2011,0
El Salvador,2010,0
El Salvador,2009,0
El Salvador,2008,0
El Salvador,2007,0
El Salvador,2006,0
El Salvador,2005,0
El Salvador,2004,0
Equatorial Guinea,2025,13
Equatorial Guinea,2024,0
Equatorial Guinea,2023,0
Equatorial Guinea,2022,17
Equatorial Guinea,2021,14
Equatorial Guinea,2020,2
Equatorial Guinea,2019,29
Equatorial Guinea,2018,0
Equatorial Guinea,2017,6
Equatorial Guinea,2016,0
Equatorial Guinea,2015,47
Equatorial Guinea,2014,56
Equatorial Guinea,2013,35
Equatorial Guinea,2012,37
Equatorial Guinea,2011,12
Equatorial Guinea,2010,11
Equatorial Guinea,2009,22
Equatorial Guinea,2008,8
Equatorial Guinea,2007,9
Equatorial Guinea,2006,0
Equatorial Guinea,2005,17
Equatorial Guinea,2004,3
Estonia,2025,0
Estonia,2024,0
Estonia,2023,0
Estonia,2022,0
Estonia,2021,0
Estonia,2020,0
Estonia,2019,0
Estonia,2018,0
Estonia,2017,0
Estonia,2016,0
Estonia,2015,0
Estonia,2014,0
Estonia,2013,0
Estonia,2012,0
Estonia,2011,0
Estonia,2010,0
Estonia,2009,0
Estonia,2008,0
Estonia,2007,0
Estonia,2006,0
Estonia,2005,0
Estonia,2004,0
Ethiopia,2025,179
Ethiopia,2024,26
Ethiopia,2023,117
Ethiopia,2022,114
Ethiopia,2021,81
Ethiopia,2020,66
Ethiopia,2019,104
Ethiopia,2018,66
Ethiopia,2017,0
Ethiopia,2016,0
Ethiopia,2015,0
Ethiopia,2014,14
Ethiopia,2013,19
Ethiopia,2012,0
Ethiopia,2011,125
Ethiopia,2010,134
Ethiopia,2009,58
Ethiopia,2008,46
Ethiopia,2007,85
Ethiopia,2006,8
Ethiopia,2005,6
Ethiopia,2004,80
Finland,2025,0
Finland,2024,0
Finland,2023,0
Finland,2022,0
Finland,2021,0
Finland,2020,0
Finland,2019,0
Finland,2018,0
Finland,2017,0
Finland,2016,0
Finland,2015,0
Finland,2014,0
Finland,2013,0
Finland,2012,0
Finland,2011,0
Finland,2010,0
Finland,2009,0
Finland,2008,0
Finland,2007,0
Finland,2006,0
Finland,2005,0
Finland,2004,0
France,2025,48
France,2024,25
France,2023,64
France,2022,55
France,2021,51
France,2020,73
France,2019,87
France,2018,61
France,2017,64
France,2016,11
France,2015,41
France,2014,152
France,2013,84
France,2012,43
France,2011,59
France,2010,44
France,2009,61
France,2008,69
France,2007,66
France,2006,25
France,2005,66
France,2004,81
Gambia,2025,0
Gambia,2024,0
Gambia,2023,0
Gambia,2022,4
Gambia,2021,5
Gambia,2020,0
Gambia,2019,0
Gambia,2018,0
Gambia,2017,0
Gambia,2016,0
Gambia,2015,0
Gambia,2014,0
Gambia,2013,0
Gambia,2012,0
Gambia,2011,3
Gambia,2010,2
Gambia,2009,3
Gambia,2008,0
Gambia,2007,0
Gambia,2006,3
Gambia,2005,0
Gambia,2004,0
Georgia,2025,0
Georgia,2024,0
Georgia,2023,0
Georgia,2022,0
Georgia,2021,0
Georgia,2020,0
Georgia,2019,0
Georgia,2018,0
Georgia,2017,0
Georgia,2016,0
Georgia,2015,0
Georgia,2014,0
Georgia,2013,0
Georgia,2012,0
Georgia,2011,0
Georgia,2010,0
Georgia,2009,0
Georgia,2008,0
Georgia,2007,0
Georgia,2006,0
Georgia,2005,0
Georgia,2004,0
Germany,2025,7
Germany,2024,30
Germany,2023,143
Germany,2022,104
Germany,2021,32
Germany,2020,39
Germany,2019,197
Germany,2018,167
Germany,2017,140
Germany,2016,180
Germany,2015,125
Germany,2014,204
Germany,2013,288
Germany,2012,199
Germany,2011,93
Germany,2010,101
Germany,2009,79
Germany,2008,133
Germany,2007,96
Germany,2006,43
Germany,2005,183
Germany,2004,168
Ghana,2025,31
Ghana,2024,13
Ghana,2023,52
Ghana,2022,52
Ghana,2021,48
Ghana,2020,33
Ghana,2019,97
Ghana,2018,19
Ghana,2017,1
Ghana,2016,42
Ghana,2015,29
Ghana,2014,50
Ghana,2013,49
Ghana,2012,67
Ghana,2011,80
Ghana,2010,15
Ghana,2009,42
Ghana,2008,56
Ghana,2007,0
Ghana,2006,41
Ghana,2005,39
Ghana,2004,31
Greece,2025,0
Greece,2024,0
Greece,2023,0
Greece,2022,0
Greece,2021,0
Greece,2020,3
Greece,2019,52
Greece,2018,49
Greece,2017,46
Greece,2016,22
Greece,2015,4
Greece,2014,0
Greece,2013,0
Greece,2012,0
Greece,2011,0
Greece,2010,0
Greece,2009,0
Greece,2008,0
Greece,2007,0
Greece,2006,0
Greece,2005,0
Greece,2004,0
Guatemala,2025,0
Guatemala,2024,0
Guatemala,2023,0
Guatemala,2022,0
Guatemala,2021,0
Guatemala,2020,0
Guatemala,2019,0
Guatemala,2018,0
Guatemala,2017,0
Guatemala,2016,0
Guatemala,2015,0
Guatemala,2014,0
Guatemala,2013,0
Guatemala,2012,0
Guatemala,2011,0
Guatemala,2010,0
Guatemala,2009,0
Guatemala,2008,0
Guatemala,2007,0
Guatemala,2006,0
Guatemala,2005,0
Guatemala,2004,0
Guinea,2025,0
Guinea,2024,0
Guinea,2023,0
Guinea,2022,0
Guinea,2021,0
Guinea,2020,0
Guinea,2019,0
Guinea,2018,0
Guinea,2017,17
Guinea,2016,0
Guinea,2015,0
Guinea,2014,0
Guinea,2013,0
Guinea,2012,0
Guinea,2011,0
Guinea,2010,0
Guinea,2009,0
Guinea,2008,0
Guinea,2007,0
Guinea,2006,0
Guinea,2005,0
Guinea,2004,0
Guinea-Bissau,2025,0
Guinea-Bissau,2024,0
Guinea-Bissau,2023,0
Guinea-Bissau,2022,0
Guinea-Bissau,2021,0
Guinea-Bissau,2020,0
Guinea-Bissau,2019,0
Guinea-Bissau,2018,0
Guinea-Bissau,2017,0
Guinea-Bissau,2016,0
Guinea-Bissau,2015,0
Guinea-Bissau,2014,0
Guinea-Bissau,2013,0
Guinea-Bissau,2012,0
Guinea-Bissau,2011,0
Guinea-Bissau,2010,0
Guinea-Bissau,2009,0
Guinea-Bissau,2008,0
Guinea-Bissau,2007,0
Guinea-Bissau,2006,0
Guinea-Bissau,2005,0
Guinea-Bissau,2004,0
Guyana,2025,169
Guyana,2024,47
Guyana,2023,233
Guyana,2022,302
Guyana,2021,313
Guyana,2020,198
Guyana,2019,170
Guyana,2018,46
Guyana,2017,5
Guyana,2016,72
Guyana,2015,52
Guyana,2014,0
Guyana,2013,0
Guyana,2012,0
Guyana,2011,220
Guyana,2010,285
Guyana,2009,0
Guyana,2008,189
Guyana,2007,85
Guyana,2006,223
Guyana,2005,336
Guyana,2004,202
Haiti,2025,0
Haiti,2024,0
Haiti,2023,0
Haiti,2022,0
Haiti,2021,0
Haiti,2020,0
Haiti,2019,0
Haiti,2018,0
Haiti,2017,0
Haiti,2016,0
Haiti,2015,0
Haiti,2014,0
Haiti,2013,0
Haiti,2012,0
Haiti,2011,0
Haiti,2010,0
Haiti,2009,0
Haiti,2008,0
Haiti,2007,0
Haiti,2006,0
Haiti,2005,0
Haiti,2004,0
Honduras,2025,0
Honduras,2024,0
Honduras,2023,0
Honduras,2022,0
Honduras,2021,0
Honduras,2020,0
Honduras,2019,0
Honduras,2018,0
Honduras,2017,0
Honduras,2016,0
Honduras,2015,0
Honduras,2014,0
Honduras,2013,0
Honduras,2012,0
Honduras,2011,0
Honduras,2010,0
Honduras,2009,0
Honduras,2008,0
Honduras,2007,0
Honduras,2006,0
Honduras,2005,0
Honduras,2004,0
Hungary,2025,120
Hungary,2024,26
Hungary,2023,104
Hungary,2022,104
Hungary,2021,106
Hungary,2020,104
Hungary,2019,104
Hungary,2018,104
Hungary,2017,73
Hungary,2016,84
Hungary,2015,104
Hungary,2014,103
Hungary,2013,100
Hungary,2012,55
Hungary,2011,54
Hungary,2010,91
Hungary,2009,120
Hungary,2008,122
Hungary,2007,34
Hungary,2006,125
Hungary,2005,101
Hungary,2004,54
Iceland,2025,0
Iceland,2024,0
Iceland,2023,0
Iceland,2022,0
Iceland,2021,30
Iceland,2020,52
Iceland,2019,52
Iceland,2018,61
Iceland,2017,43
Iceland,2016,48
Iceland,2015,17
Iceland,2014,0
Iceland,2013,16
Iceland,2012,5
Iceland,2011,0
Iceland,2010,0
Iceland,2009,0
Iceland,2008,0
Iceland,2007,0
Iceland,2006,0
Iceland,2005,0
Iceland,2004,0
India,2025,2618
India,2024,1010
India,2023,3971
India,2022,4005
India,2021,3985
India,2020,5010
India,2019,5995
India,2018,6065
India,2017,5874
India,2016,5736
India,2015,5710
India,2014,6394
India,2013,6156
India,2012,3512
India,2011,1494
India,2010,2793
India,2009,6969
India,2008,4107
India,2007,4691
India,2006,3476
India,2005,2136
India,2004,105
Indonesia,2025,493
Indonesia,2024,530
Indonesia,2023,2042
Indonesia,2022,1758
Indonesia,2021,1620
Indonesia,2020,1216
Indonesia,2019,1292
Indonesia,2018,1698
Indonesia,2017,1336
Indonesia,2016,934
Indonesia,2015,1398
Indonesia,2014,1740
Indonesia,2013,1968
Indonesia,2012,1127
Indonesia,2011,791
Indonesia,2010,2221
Indonesia,2009,428
Indonesia,2008,1741
Indonesia,2007,2073
Indonesia,2006,654
Indonesia,2005,1388
Indonesia,2004,1186
Iran,2025,0
Iran,2024,0
Iran,2023,0
Iran,2022,0
Iran,2021,0
Iran,2020,0
Iran,2019,0
Iran,2018,0
Iran,2017,0
Iran,2016,0
Iran,2015,0
Iran,2014,0
Iran,2013,0
Iran,2012,0
Iran,2011,0
Iran,2010,0
Iran,2009,0
Iran,2008,0
Iran,2007,0
Iran,2006,0
Iran,2005,0
Iran,2004,0
Iraq,2025,5973
Iraq,2024,806
Iraq,2023,3196
Iraq,2022,2668
Iraq,2021,2049
Iraq,2020,2413
Iraq,2019,3828
Iraq,2018,3089
Iraq,2017,2557
Iraq,2016,2264
Iraq,2015,2696
Iraq,2014,4107
Iraq,2013,4305
Iraq,2012,2277
Iraq,2011,1607
Iraq,2010,5630
Iraq,2009,1465
Iraq,2008,409
Iraq,2007,2824
Iraq,2006,3698
Iraq,2005,3182
Iraq,2004,1228
Ireland,2025,0
Ireland,2024,0
Ireland,2023,0
Ireland,2022,0
Ireland,2021,0
Ireland,2020,0
Ireland,2019,0
Ireland,2018,0
Ireland,2017,0
Ireland,2016,0
Ireland,2015,0
Ireland,2014,0
Ireland,2013,14
Ireland,2012,0
Ireland,2011,0
Ireland,2010,0
Ireland,2009,0
Ireland,2008,0
Ireland,2007,0
Ireland,2006,0
Ireland,2005,0
Ireland,2004,0
Israel,2025,0
Israel,2024,0
Israel,2023,4
Israel,2022,50
Israel,2021,87
Israel,2020,1
Israel,2019,40
Israel,2018,21
Israel,2017,68
Israel,2016,10
Israel,2015,29
Israel,2014,12
Israel,2013,106
Israel,2012,58
Israel,2011,9
Israel,2010,55
Israel,2009,12
Israel,2008,35
Israel,2007,0
Israel,2006,43
Israel,2005,0
Israel,2004,54
Italy,2025,98
Italy,2024,57
Italy,2023,190
Italy,2022,155
Italy,2021,82
Italy,2020,124
Italy,2019,167
Italy,2018,126
Italy,2017,179
Italy,2016,207
Italy,2015,188
Italy,2014,246
Italy,2013,197
Italy,2012,156
Italy,2011,98
Italy,2010,65
Italy,2009,47
Italy,2008,95
Italy,2007,174
Italy,2006,125
Italy,2005,145
Italy,2004,121
Jamaica,2025,0
Jamaica,2024,0
Jamaica,2023,0
Jamaica,2022,0
Jamaica,2021,0
Jamaica,2020,0
Jamaica,2019,0
Jamaica,2018,0
Jamaica,2017,0
Jamaica,2016,0
Jamaica,2015,0
Jamaica,2014,0
Jamaica,2013,0
Jamaica,2012,0
Jamaica,2011,0
Jamaica,2010,0
Jamaica,2009,0
Jamaica,2008,0
Jamaica,2007,0
Jamaica,2006,0
Jamaica,2005,0
Jamaica,2004,0
Japan,2025,135
Japan,2024,39
Japan,2023,143
Japan,2022,104
Japan,2021,106
Japan,2020,104
Japan,2019,128
Japan,2018,26
Japan,2017,56
Japan,2016,23
Japan,2015,0
Japan,2014,31
Japan,2013,68
Japan,2012,58
Japan,2011,134
Japan,2010,111
Japan,2009,136
Japan,2008,111
Japan,2007,66
Japan,2006,56
Japan,2005,83
Japan,2004,76
Jordan,2025,0
Jordan,2024,0
Jordan,2023,0
Jordan,2022,0
Jordan,2021,0
Jordan,2020,0
Jordan,2019,0
Jordan,2018,0
Jordan,2017,0
Jordan,2016,0
Jordan,2015,0
Jordan,2014,4
Jordan,2013,31
Jordan,2012,0
Jordan,2011,0
Jordan,2010,0
Jordan,2009,0
Jordan,2008,0
Jordan,2007,0
Jordan,2006,0
Jordan,2005,0
Jordan,2004,0
Kazakhstan,2025,0
Kazakhstan,2024,0
Kazakhstan,2023,0
Kazakhstan,2022,0
Kazakhstan,2021,0
Kazakhstan,2020,0
Kazakhstan,2019,0
Kazakhstan,2018,0
Kazakhstan,2017,0
Kazakhstan,2016,0
Kazakhstan,2015,0
Kazakhstan,2014,0
Kazakhstan,2013,0
Kazakhstan,2012,0
Kazakhstan,2011,0
Kazakhstan,2010,0
Kazakhstan,2009,0
Kazakhstan,2008,0
Kazakhstan,2007,0
Kazakhstan,2006,0
Kazakhstan,2005,0
Kazakhstan,2004,0
Kenya,2025,374
Kenya,2024,43
Kenya,2023,267
Kenya,2022,223
Kenya,2021,204
Kenya,2020,194
Kenya,2019,367
Kenya,2018,428
Kenya,2017,473
Kenya,2016,562
Kenya,2015,572
Kenya,2014,616
Kenya,2013,285
Kenya,2012,69
Kenya,2011,180
Kenya,2010,310
Kenya,2009,334
Kenya,2008,128
Kenya,2007,112
Kenya,2006,119
Kenya,2005,188
Kenya,2004,76
Kiribati,2025,0
Kiribati,2024,0
Kiribati,2023,0
Kiribati,2022,0
Kiribati,2021,0
Kiribati,2020,0
Kiribati,2019,0
Kiribati,2018,0
Kiribati,2017,0
Kiribati,2016,0
Kiribati,2015,0
Kiribati,2014,0
Kiribati,2013,0
Kiribati,2012,0
Kiribati,2011,0
Kiribati,2010,0
Kiribati,2009,0
Kiribati,2008,0
Kiribati,2007,0
Kiribati,2006,0
Kiribati,2005,0
Kiribati,2004,0
Kuwait,2025,603
Kuwait,2024,346
Kuwait,2023,1260
Kuwait,2022,1398
Kuwait,2021,1309
Kuwait,2020,2310
Kuwait,2019,2362
Kuwait,2018,2634
Kuwait,2017,2784
Kuwait,2016,2342
Kuwait,2015,2412
Kuwait,2014,1983
Kuwait,2013,1646
Kuwait,2012,1007
Kuwait,2011,594
Kuwait,2010,725
Kuwait,2009,1854
Kuwait,2008,1448
Kuwait,2007,1862
Kuwait,2006,999
Kuwait,2005,707
Kuwait,2004,1414
Kyrgyz Republic,2025,0
Kyrgyz Republic,2024,0
Kyrgyz Republic,2023,0
Kyrgyz Republic,2022,0
Kyrgyz Republic,2021,0
Kyrgyz Republic,2020,0
Kyrgyz Republic,2019,0
Kyrgyz Republic,2018,0
Kyrgyz Republic,2017,0
Kyrgyz Republic,2016,0
Kyrgyz Republic,2015,0
Kyrgyz Republic,2014,0
Kyrgyz Republic,2013,0
Kyrgyz Republic,2012,0
Kyrgyz Republic,2011,0
Kyrgyz Republic,2010,0
Kyrgyz Republic,2009,0
Kyrgyz Republic,2008,0
Kyrgyz Republic,2007,0
Kyrgyz Republic,2006,0
Kyrgyz Republic,2005,0
Kyrgyz Republic,2004,0
Laos,2025,0
Laos,2024,0
Laos,2023,0
Laos,2022,0
Laos,2021,0
Laos,2020,0
Laos,2019,0
Laos,2018,0
Laos,2017,0
Laos,2016,0
Laos,2015,0
Laos,2014,0
Laos,2013,0
Laos,2012,0
Laos,2011,0
Laos,2010,0
Laos,2009,0
Laos,2008,0
Laos,2007,0
Laos,2006,0
Laos,2005,0
Laos,2004,0
Latvia,2025,0
Latvia,2024,0
Latvia,2023,0
Latvia,2022,0
Latvia,2021,0
Latvia,2020,0
Latvia,2019,0
Latvia,2018,0
Latvia,2017,0
Latvia,2016,0
Latvia,2015,0
Latvia,2014,0
Latvia,2013,3
Latvia,2012,0
Latvia,2011,0
Latvia,2010,0
Latvia,2009,0
Latvia,2008,0
Latvia,2007,0
Latvia,2006,0
Latvia,2005,0
Latvia,2004,0
Lebanon,2025,0
Lebanon,2024,0
Lebanon,2023,0
Lebanon,2022,0
Lebanon,2021,0
Lebanon,2020,0
Lebanon,2019,0
Lebanon,2018,0
Lebanon,2017,0
Lebanon,2016,0
Lebanon,2015,0
Lebanon,2014,0
Lebanon,2013,0
Lebanon,2012,0
Lebanon,2011,0
Lebanon,2010,0
Lebanon,2009,0
Lebanon,2008,0
Lebanon,2007,0
Lebanon,2006,0
Lebanon,2005,0
Lebanon,2004,0
Lesotho,2025,0
Lesotho,2024,0
Lesotho,2023,0
Lesotho,2022,0
Lesotho,2021,0
Lesotho,2020,0
Lesotho,2019,0
Lesotho,2018,0
Lesotho,2017,0
Lesotho,2016,0
Lesotho,2015,0
Lesotho,2014,0
Lesotho,2013,0
Lesotho,2012,0
Lesotho,2011,0
Lesotho,2010,0
Lesotho,2009,0
Lesotho,2008,0
Lesotho,2007,0
Lesotho,2006,0
Lesotho,2005,0
Lesotho,2004,0
Liberia,2025,0
Liberia,2024,0
Liberia,2023,0
Liberia,2022,0
Liberia,2021,0
Liberia,2020,0
Liberia,2019,0
Liberia,2018,0
Liberia,2017,0
Liberia,2016,4
Liberia,2015,0
Liberia,2014,5
Liberia,2013,7
Liberia,2012,16
Liberia,2011,0
Liberia,2010,0
Liberia,2009,0
Liberia,2008,0
Liberia,2007,0
Liberia,2006,0
Liberia,2005,0
Liberia,2004,0
Libya,2025,443
Libya,2024,255
Libya,2023,722
Libya,2022,371
Libya,2021,681
Libya,2020,601
Libya,2019,752
Libya,2018,243
Libya,2017,52
Libya,2016,53
Libya,2015,143
Libya,2014,531
Libya,2013,748
Libya,2012,372
Libya,2011,204
Libya,2010,396
Libya,2009,401
Libya,2008,633
Libya,2007,1018
Libya,2006,324
Libya,2005,750
Libya,2004,497
Lithuania,2025,0
Lithuania,2024,0
Lithuania,2023,0
Lithuania,2022,0
Lithuania,2021,0
Lithuania,2020,0
Lithuania,2019,0
Lithuania,2018,0
Lithuania,2017,0
Lithuania,2016,16
Lithuania,2015,104
Lithuania,2014,99
Lithuania,2013,52
Lithuania,2012,31
Lithuania,2011,0
Lithuania,2010,0
Lithuania,2009,0
Lithuania,2008,0
Lithuania,2007,0
Lithuania,2006,0
Lithuania,2005,0
Lithuania,2004,0
Luxembourg,2025,0
Luxembourg,2024,0
Luxembourg,2023,0
Luxembourg,2022,0
Luxembourg,2021,0
Luxembourg,2020,0
Luxembourg,2019,0
Luxembourg,2018,0
Luxembourg,2017,0
Luxembourg,2016,0
Luxembourg,2015,0
Luxembourg,2014,0
Luxembourg,2013,0
Luxembourg,2012,0
Luxembourg,2011,0
Luxembourg,2010,0
Luxembourg,2009,0
Luxembourg,2008,0
Luxembourg,2007,0
Luxembourg,2006,0
Luxembourg,2005,0
Luxembourg,2004,0
Madagascar,2025,0
Madagascar,2024,0
Madagascar,2023,0
Madagascar,2022,0
Madagascar,2021,0
Madagascar,2020,0
Madagascar,2019,0
Madagascar,2018,0
Madagascar,2017,0
Madagascar,2016,0
Madagascar,2015,0
Madagascar,2014,0
Madagascar,2013,0
Madagascar,2012,0
Madagascar,2011,0
Madagascar,2010,0
Madagascar,2009,0
Madagascar,2008,0
Madagascar,2007,0
Madagascar,2006,0
Madagascar,2005,0
Madagascar,2004,0
Malawi,2025,0
Malawi,2024,0
Malawi,2023,0
Malawi,2022,0
Malawi,2021,0
Malawi,2020,0
Malawi,2019,0
Malawi,2018,0
Malawi,2017,0
Malawi,2016,0
Malawi,2015,0
Malawi,2014,0
Malawi,2013,0
Malawi,2012,0
Malawi,2011,0
Malawi,2010,0
Malawi,2009,0
Malawi,2008,0
Malawi,2007,0
Malawi,2006,0
Malawi,2005,0
Malawi,2004,0
Malaysia,2025,0
Malaysia,2024,74
Malaysia,2023,312
Malaysia,2022,269
Malaysia,2021,233
Malaysia,2020,286
Malaysia,2019,443
Malaysia,2018,389
Malaysia,2017,253
Malaysia,2016,226
Malaysia,2015,395
Malaysia,2014,456
Malaysia,2013,595
Malaysia,2012,433
Malaysia,2011,273
Malaysia,2010,380
Malaysia,2009,288
Malaysia,2008,237
Malaysia,2007,328
Malaysia,2006,175
Malaysia,2005,120
Malaysia,2004,226
Maldives,2025,0
Maldives,2024,0
Maldives,2023,0
Maldives,2022,0
Maldives,2021,0
Maldives,2020,0
Maldives,2019,0
Maldives,2018,0
Maldives,2017,0
Maldives,2016,0
Maldives,2015,0
Maldives,2014,0
Maldives,2013,0
Maldives,2012,0
Maldives,2011,0
Maldives,2010,0
Maldives,2009,0
Maldives,2008,0
Maldives,2007,0
Maldives,2006,0
Maldives,2005,0
Maldives,2004,0
Mali,2025,0
Mali,2024,0
Mali,2023,0
Mali,2022,0
Mali,2021,0
Mali,2020,0
Mali,2019,0
Mali,2018,0
Mali,2017,0
Mali,2016,0
Mali,2015,0
Mali,2014,0
Mali,2013,0
Mali,2012,0
Mali,2011,0
Mali,2010,0
Mali,2009,0
Mali,2008,0
Mali,2007,0
Mali,2006,0
Mali,2005,0
Mali,2004,0
Malta,2025,0
Malta,2024,0
Malta,2023,0
Malta,2022,0
Malta,2021,0
Malta,2020,0
Malta,2019,0
Malta,2018,0
Malta,2017,0
Malta,2016,0
Malta,2015,0
Malta,2014,5
Malta,2013,0
Malta,2012,0
Malta,2011,0
Malta,2010,0
Malta,2009,0
Malta,2008,0
Malta,2007,0
Malta,2006,0
Malta,2005,0
Malta,2004,0
Mauritania,2025,4
Mauritania,2024,0
Mauritania,2023,22
Mauritania,2022,30
Mauritania,2021,0
Mauritania,2020,13
Mauritania,2019,8
Mauritania,2018,0
Mauritania,2017,10
Mauritania,2016,2
Mauritania,2015,0
Mauritania,2014,26
Mauritania,2013,48
Mauritania,2012,0
Mauritania,2011,0
Mauritania,2010,8
Mauritania,2009,17
Mauritania,2008,36
Mauritania,2007,35
Mauritania,2006,8
Mauritania,2005,21
Mauritania,2004,17
Mauritius,2025,0
Mauritius,2024,0
Mauritius,2023,0
Mauritius,2022,0
Mauritius,2021,0
Mauritius,2020,0
Mauritius,2019,0
Mauritius,2018,0
Mauritius,2017,0
Mauritius,2016,0
Mauritius,2015,0
Mauritius,2014,0
Mauritius,2013,0
Mauritius,2012,0
Mauritius,2011,0
Mauritius,2010,0
Mauritius,2009,0
Mauritius,2008,0
Mauritius,2007,0
Mauritius,2006,0
Mauritius,2005,0
Mauritius,2004,0
Mexico,2025,715
Mexico,2024,747
Mexico,2023,2885
Mexico,2022,2421
Mexico,2021,2356
Mexico,2020,2112
Mexico,2019,1887
Mexico,2018,1379
Mexico,2017,910
Mexico,2016,1334
Mexico,2015,2686
Mexico,2014,4444
Mexico,2013,5487
Mexico,2012,3390
Mexico,2011,2099
Mexico,2010,1109
Mexico,2009,2287
Mexico,2008,964
Mexico,2007,1824
Mexico,2006,1798
Mexico,2005,2764
Mexico,2004,351
Micronesia,2025,0
Micronesia,2024,0
Micronesia,2023,0
Micronesia,2022,0
Micronesia,2021,0
Micronesia,2020,0
Micronesia,2019,0
Micronesia,2018,0
Micronesia,2017,0
Micronesia,2016,0
Micronesia,2015,0
Micronesia,2014,0
Micronesia,2013,0
Micronesia,2012,0
Micronesia,2011,0
Micronesia,2010,0
Micronesia,2009,0
Micronesia,2008,0
Micronesia,2007,0
Micronesia,2006,0
Micronesia,2005,0
Micronesia,2004,0
Moldova,2025,0
Moldova,2024,0
Moldova,2023,0
Moldova,2022,0
Moldova,2021,0
Moldova,2020,0
Moldova,2019,0
Moldova,2018,0
Moldova,2017,0
Moldova,2016,0
Moldova,2015,0
Moldova,2014,0
Moldova,2013,0
Moldova,2012,0
Moldova,2011,0
Moldova,2010,0
Moldova,2009,0
Moldova,2008,0
Moldova,2007,0
Moldova,2006,0
Moldova,2005,0
Moldova,2004,0
Monaco,2025,0
Monaco,2024,0
Monaco,2023,0
Monaco,2022,0
Monaco,2021,0
Monaco,2020,0
Monaco,2019,0
Monaco,2018,0
Monaco,2017,0
Monaco,2016,0
Monaco,2015,0
Monaco,2014,0
Monaco,2013,0
Monaco,2012,0
Monaco,2011,0
Monaco,2010,0
Monaco,2009,0
Monaco,2008,0
Monaco,2007,0
Monaco,2006,0
Monaco,2005,0
Monaco,2004,0
Mongolia,2025,0
Mongolia,2024,0
Mongolia,2023,0
Mongolia,2022,0
Mongolia,2021,0
Mongolia,2020,0
Mongolia,2019,0
Mongolia,2018,0
Mongolia,2017,0
Mongolia,2016,0
Mongolia,2015,0
Mongolia,2014,0
Mongolia,2013,0
Mongolia,2012,0
Mongolia,2011,0
Mongolia,2010,0
Mongolia,2009,0
Mongolia,2008,0
Mongolia,2007,0
Mongolia,2006,0
Mongolia,2005,0
Mongolia,2004,0
Montenegro,2025,0
Montenegro,2024,0
Montenegro,2023,0
Montenegro,2022,0
Montenegro,2021,0
Montenegro,2020,0
Montenegro,2019,0
Montenegro,2018,0
Montenegro,2017,0
Montenegro,2016,0
Montenegro,2015,0
Montenegro,2014,0
Montenegro,2013,0
Montenegro,2012,0
Montenegro,2011,0
Montenegro,2010,0
Montenegro,2009,0
Montenegro,2008,0
Montenegro,2007,0
Montenegro,2006,0
Montenegro,2005,0
Montenegro,2004,0
Morocco,2025,0
Morocco,2024,0
Morocco,2023,0
Morocco,2022,0
Morocco,2021,0
Morocco,2020,10
Morocco,2019,52
Morocco,2018,40
Morocco,2017,1
Morocco,2016,16
Morocco,2015,33
Morocco,2014,15
Morocco,2013,9
Morocco,2012,6
Morocco,2011,0
Morocco,2010,0
Morocco,2009,0
Morocco,2008,0
Morocco,2007,0
Morocco,2006,0
Morocco,2005,0
Morocco,2004,0
Mozambique,2025,8
Mozambique,2024,0
Mozambique,2023,7
Mozambique,2022,0
Mozambique,2021,46
Mozambique,2020,14
Mozambique,2019,11
Mozambique,2018,23
Mozambique,2017,52
Mozambique,2016,30
Mozambique,2015,23
Mozambique,2014,74
Mozambique,2013,88
Mozambique,2012,58
Mozambique,2011,2
Mozambique,2010,0
Mozambique,2009,2
Mozambique,2008,3
Mozambique,2007,6
Mozambique,2006,2
Mozambique,2005,8
Mozambique,2004,0
Myanmar,2025,23
Myanmar,2024,2
Myanmar,2023,8
Myanmar,2022,31
Myanmar,2021,92
Myanmar,2020,36
Myanmar,2019,86
Myanmar,2018,41
Myanmar,2017,49
Myanmar,2016,60
Myanmar,2015,52
Myanmar,2014,85
Myanmar,2013,83
Myanmar,2012,27
Myanmar,2011,46
Myanmar,2010,10
Myanmar,2009,9
Myanmar,2008,27
Myanmar,2007,0
Myanmar,2006,24
Myanmar,2005,24
Myanmar,2004,15
Namibia,2025,25
Namibia,2024,52
Namibia,2023,69
Namibia,2022,16
Namibia,2021,4
Namibia,2020,0
Namibia,2019,0
Namibia,2018,3
Namibia,2017,0
Namibia,2016,0
Namibia,2015,0
Namibia,2014,4
Namibia,2013,12
Namibia,2012,7
Namibia,2011,45
Namibia,2010,11
Namibia,2009,105
Namibia,2008,47
Namibia,2007,91
Namibia,2006,47
Namibia,2005,47
Namibia,2004,28
Nepal,2025,0
Nepal,2024,0
Nepal,2023,0
Nepal,2022,0
Nepal,2021,0
Nepal,2020,0
Nepal,2019,0
Nepal,2018,0
Nepal,2017,0
Nepal,2016,0
Nepal,2015,0
Nepal,2014,0
Nepal,2013,0
Nepal,2012,0
Nepal,2011,0
Nepal,2010,0
Nepal,2009,0
Nepal,2008,0
Nepal,2007,0
Nepal,2006,0
Nepal,2005,0
Nepal,2004,0
Netherlands,2025,191
Netherlands,2024,13
Netherlands,2023,70
Netherlands,2022,125
Netherlands,2021,106
Netherlands,2020,101
Netherlands,2019,74
Netherlands,2018,91
Netherlands,2017,107
Netherlands,2016,140
Netherlands,2015,254
Netherlands,2014,468
Netherlands,2013,387
Netherlands,2012,228
Netherlands,2011,83
Netherlands,2010,0
Netherlands,2009,25
Netherlands,2008,61
Netherlands,2007,119
Netherlands,2006,100
Netherlands,2005,61
Netherlands,2004,86
New Caledonia,2025,0
New Caledonia,2024,0
New Caledonia,2023,0
New Caledonia,2022,0
New Caledonia,2021,0
New Caledonia,2020,0
New Caledonia,2019,0
New Caledonia,2018,0
New Caledonia,2017,0
New Caledonia,2016,0
New Caledonia,2015,0
New Caledonia,2014,0
New Caledonia,2013,0
New Caledonia,2012,0
New Caledonia,2011,0
New Caledonia,2010,0
New Caledonia,2009,0
New Caledonia,2008,0
New Caledonia,2007,0
New Caledonia,2006,0
New Caledonia,2005,0
New Caledonia,2004,0
New Zealand,2025,113
New Zealand,2024,18
New Zealand,2023,130
New Zealand,2022,92
New Zealand,2021,133
New Zealand,2020,84
New Zealand,2019,88
New Zealand,2018,30
New Zealand,2017,0
New Zealand,2016,5
New Zealand,2015,79
New Zealand,2014,271
New Zealand,2013,385
New Zealand,2012,161
New Zealand,2011,20
New Zealand,2010,154
New Zealand,2009,83
New Zealand,2008,0
New Zealand,2007,29
New Zealand,2006,1
New Zealand,2005,76
New Zealand,2004,131
Nicaragua,2025,0
Nicaragua,2024,0
Nicaragua,2023,0
Nicaragua,2022,0
Nicaragua,2021,0
Nicaragua,2020,0
Nicaragua,2019,0
Nicaragua,2018,0
Nicaragua,2017,0
Nicaragua,2016,0
Nicaragua,2015,0
Nicaragua,2014,0
Nicaragua,2013,0
Nicaragua,2012,0
Nicaragua,2011,0
Nicaragua,2010,0
Nicaragua,2009,0
Nicaragua,2008,0
Nicaragua,2007,0
Nicaragua,2006,0
Nicaragua,2005,0
Nicaragua,2004,0
Niger,2025,98
Niger,2024,13
Niger,2023,52
Niger,2022,52
Niger,2021,12
Niger,2020,19
Niger,2019,52
Niger,2018,33
Niger,2017,0
Niger,2016,0
Niger,2015,0
Niger,2014,0
Niger,2013,0
Niger,2012,0
Niger,2011,27
Niger,2010,65
Niger,2009,0
Niger,2008,14
Niger,2007,40
Niger,2006,49
Niger,2005,116
Niger,2004,55
Nigeria,2025,316
Nigeria,2024,219
Nigeria,2023,735
Nigeria,2022,496
Nigeria,2021,374
Nigeria,2020,583
Nigeria,2019,806
Nigeria,2018,675
Nigeria,2017,436
Nigeria,2016,286
Nigeria,2015,547
Nigeria,2014,741
Nigeria,2013,903
Nigeria,2012,504
Nigeria,2011,479
Nigeria,2010,341
Nigeria,2009,31
Nigeria,2008,304
Nigeria,2007,588
Nigeria,2006,585
Nigeria,2005,572
Nigeria,2004,708
North Macedonia,2025,0
North Macedonia,2024,0
North Macedonia,2023,0
North Macedonia,2022,0
North Macedonia,2021,0
North Macedonia,2020,0
North Macedonia,2019,0
North Macedonia,2018,0
North Macedonia,2017,0
North Macedonia,2016,0
North Macedonia,2015,0
North Macedonia,2014,0
North Macedonia,2013,0
North Macedonia,2012,0
North Macedonia,2011,0
North Macedonia,2010,0
North Macedonia,2009,0
North Macedonia,2008,0
North Macedonia,2007,0
North Macedonia,2006,0
North Macedonia,2005,0
North Macedonia,2004,0
Norway,2025,0
Norway,2024,177
Norway,2023,848
Norway,2022,896
Norway,2021,905
Norway,2020,841
Norway,2019,883
Norway,2018,780
Norway,2017,761
Norway,2016,871
Norway,2015,878
Norway,2014,849
Norway,2013,1016
Norway,2012,524
Norway,2011,29
Norway,2010,387
Norway,2009,1053
Norway,2008,936
Norway,2007,0
Norway,2006,133
Norway,2005,684
Norway,2004,237
Oman,2025,4369
Oman,2024,649
Oman,2023,2494
Oman,2022,2445
Oman,2021,2309
Oman,2020,2406
Oman,2019,2749
Oman,2018,2742
Oman,2017,2858
Oman,2016,3480
Oman,2015,3469
Oman,2014,3051
Oman,2013,2587
Oman,2012,1508
Oman,2011,1040
Oman,2010,3965
Oman,2009,2514
Oman,2008,0
Oman,2007,1480
Oman,2006,1223
Oman,2005,1980
Oman,2004,3799
Pakistan,2025,63
Pakistan,2024,169
Pakistan,2023,588
Pakistan,2022,703
Pakistan,2021,757
Pakistan,2020,807
Pakistan,2019,1121
Pakistan,2018,1219
Pakistan,2017,1160
Pakistan,2016,1233
Pakistan,2015,1154
Pakistan,2014,1098
Pakistan,2013,1066
Pakistan,2012,501
Pakistan,2011,0
Pakistan,2010,592
Pakistan,2009,707
Pakistan,2008,1005
Pakistan,2007,573
Pakistan,2006,573
Pakistan,2005,955
Pakistan,2004,454
Panama,2025,0
Panama,2024,0
Panama,2023,0
Panama,2022,0
Panama,2021,0
Panama,2020,0
Panama,2019,0
Panama,2018,0
Panama,2017,0
Panama,2016,0
Panama,2015,0
Panama,2014,0
Panama,2013,0
Panama,2012,0
Panama,2011,0
Panama,2010,0
Panama,2009,0
Panama,2008,0
Panama,2007,0
Panama,2006,0
Panama,2005,0
Panama,2004,0
Papua New Guinea,2025,58
Papua New Guinea,2024,26
Papua New Guinea,2023,70
Papua New Guinea,2022,0
Papua New Guinea,2021,0
Papua New Guinea,2020,14
Papua New Guinea,2019,37
Papua New Guinea,2018,28
Papua New Guinea,2017,59
Papua New Guinea,2016,89
Papua New Guinea,2015,167
Papua New Guinea,2014,263
Papua New Guinea,2013,183
Papua New Guinea,2012,95
Papua New Guinea,2011,17
Papua New Guinea,2010,28
Papua New Guinea,2009,52
Papua New Guinea,2008,39
Papua New Guinea,2007,42
Papua New Guinea,2006,56
Papua New Guinea,2005,83
Papua New Guinea,2004,30
Paraguay,2025,0
Paraguay,2024,0
Paraguay,2023,0
Paraguay,2022,0
Paraguay,2021,0
Paraguay,2020,0
Paraguay,2019,0
Paraguay,2018,0
Paraguay,2017,0
Paraguay,2016,0
Paraguay,2015,0
Paraguay,2014,0
Paraguay,2013,0
Paraguay,2012,0
Paraguay,2011,0
Paraguay,2010,0
Paraguay,2009,0
Paraguay,2008,0
Paraguay,2007,0
Paraguay,2006,0
Paraguay,2005,0
Paraguay,2004,0
Peru,2025,121
Peru,2024,10
Peru,2023,88
Peru,2022,123
Peru,2021,130
Peru,2020,50
Peru,2019,238
Peru,2018,196
Peru,2017,104
Peru,2016,34
Peru,2015,126
Peru,2014,340
Peru,2013,276
Peru,2012,243
Peru,2011,46
Peru,2010,144
Peru,2009,176
Peru,2008,67
Peru,2007,117
Peru,2006,100
Peru,2005,119
Peru,2004,120
Philippines,2025,27
Philippines,2024,13
Philippines,2023,52
Philippines,2022,52
Philippines,2021,55
Philippines,2020,53
Philippines,2019,78
Philippines,2018,15
Philippines,2017,58
Philippines,2016,114
Philippines,2015,155
Philippines,2014,124
Philippines,2013,150
Philippines,2012,5
Philippines,2011,96
Philippines,2010,71
Philippines,2009,45
Philippines,2008,39
Philippines,2007,66
Philippines,2006,31
Philippines,2005,33
Philippines,2004,55
Poland,2025,59
Poland,2024,26
Poland,2023,104
Poland,2022,104
Poland,2021,136
Poland,2020,249
Poland,2019,312
Poland,2018,312
Poland,2017,444
Poland,2016,343
Poland,2015,402
Poland,2014,279
Poland,2013,319
Poland,2012,194
Poland,2011,106
Poland,2010,157
Poland,2009,21
Poland,2008,56
Poland,2007,95
Poland,2006,82
Poland,2005,81
Poland,2004,68
Portugal,2025,1
Portugal,2024,0
Portugal,2023,0
Portugal,2022,3
Portugal,2021,50
Portugal,2020,11
Portugal,2019,0
Portugal,2018,0
Portugal,2017,0
Portugal,2016,0
Portugal,2015,0
Portugal,2014,0
Portugal,2013,0
Portugal,2012,9
Portugal,2011,0
Portugal,2010,2
Portugal,2009,1
Portugal,2008,0
Portugal,2007,1
Portugal,2006,0
Portugal,2005,4
Portugal,2004,2
Puerto Rico,2025,0
Puerto Rico,2024,0
Puerto Rico,2023,0
Puerto Rico,2022,0
Puerto Rico,2021,0
Puerto Rico,2020,0
Puerto Rico,2019,0
Puerto Rico,2018,0
Puerto Rico,2017,0
Puerto Rico,2016,0
Puerto Rico,2015,0
Puerto Rico,2014,0
Puerto Rico,2013,0
Puerto Rico,2012,0
Puerto Rico,2011,0
Puerto Rico,2010,0
Puerto Rico,2009,0
Puerto Rico,2008,0
Puerto Rico,2007,0
Puerto Rico,2006,0
Puerto Rico,2005,0
Puerto Rico,2004,0
Qatar,2025,687
Qatar,2024,148
Qatar,2023,575
Qatar,2022,591
Qatar,2021,480
Qatar,2020,431
Qatar,2019,664
Qatar,2018,474
Qatar,2017,484
Qatar,2016,410
Qatar,2015,402
Qatar,2014,532
Qatar,2013,434
Qatar,2012,233
Qatar,2011,59
Qatar,2010,646
Qatar,2009,170
Qatar,2008,322
Qatar,2007,443
Qatar,2006,634
Qatar,2005,36
Qatar,2004,145
Romania,2025,32
Romania,2024,52
Romania,2023,208
Romania,2022,208
Romania,2021,265
Romania,2020,520
Romania,2019,520
Romania,2018,430
Romania,2017,320
Romania,2016,274
Romania,2015,470
Romania,2014,641
Romania,2013,420
Romania,2012,253
Romania,2011,28
Romania,2010,221
Romania,2009,81
Romania,2008,263
Romania,2007,395
Romania,2006,167
Romania,2005,25
Romania,2004,197
Russia,2025,12
Russia,2024,0
Russia,2023,0
Russia,2022,20
Russia,2021,60
Russia,2020,106
Russia,2019,140
Russia,2018,127
Russia,2017,129
Russia,2016,86
Russia,2015,83
Russia,2014,96
Russia,2013,103
Russia,2012,46
Russia,2011,18
Russia,2010,6
Russia,2009,0
Russia,2008,12
Russia,2007,16
Russia,2006,16
Russia,2005,13
Russia,2004,6
Rwanda,2025,0
Rwanda,2024,0
Rwanda,2023,0
Rwanda,2022,0
Rwanda,2021,0
Rwanda,2020,0
Rwanda,2019,0
Rwanda,2018,0
Rwanda,2017,0
Rwanda,2016,0
Rwanda,2015,0
Rwanda,2014,0
Rwanda,2013,0
Rwanda,2012,0
Rwanda,2011,0
Rwanda,2010,0
Rwanda,2009,0
Rwanda,2008,0
Rwanda,2007,0
Rwanda,2006,0
Rwanda,2005,0
Rwanda,2004,0
San Marino,2025,0
San Marino,2024,0
San Marino,2023,0
San Marino,2022,0
San Marino,2021,0
San Marino,2020,0
San Marino,2019,0
San Marino,2018,0
San Marino,2017,0
San Marino,2016,0
San Marino,2015,0
San Marino,2014,0
San Marino,2013,0
San Marino,2012,0
San Marino,2011,0
San Marino,2010,0
San Marino,2009,0
San Marino,2008,0
San Marino,2007,0
San Marino,2006,0
San Marino,2005,0
San Marino,2004,0
Saudi Arabia,2025,0
Saudi Arabia,2024,1130
Saudi Arabia,2023,4273
Saudi Arabia,2022,3781
Saudi Arabia,2021,3260
Saudi Arabia,2020,4814
Saudi Arabia,2019,5931
Saudi Arabia,2018,6052
Saudi Arabia,2017,6126
Saudi Arabia,2016,6603
Saudi Arabia,2015,6431
Saudi Arabia,2014,5337
Saudi Arabia,2013,4302
Saudi Arabia,2012,2546
Saudi Arabia,2011,2385
Saudi Arabia,2010,5868
Saudi Arabia,2009,2328
Saudi Arabia,2008,0
Saudi Arabia,2007,2716
Saudi Arabia,2006,3805
Saudi Arabia,2005,1030
Saudi Arabia,2004,3610
Senegal,2025,0
Senegal,2024,0
Senegal,2023,61
Senegal,2022,71
Senegal,2021,23
Senegal,2020,0
Senegal,2019,0
Senegal,2018,0
Senegal,2017,49
Senegal,2016,18
Senegal,2015,9
Senegal,2014,30
Senegal,2013,0
Senegal,2012,0
Senegal,2011,26
Senegal,2010,0
Senegal,2009,37
Senegal,2008,112
Senegal,2007,37
Senegal,2006,52
Senegal,2005,8
Senegal,2004,75
Serbia,2025,145
Serbia,2024,52
Serbia,2023,208
Serbia,2022,211
Serbia,2021,202
Serbia,2020,78
Serbia,2019,104
Serbia,2018,104
Serbia,2017,122
Serbia,2016,176
Serbia,2015,260
Serbia,2014,260
Serbia,2013,244
Serbia,2012,71
Serbia,2011,182
Serbia,2010,66
Serbia,2009,170
Serbia,2008,201
Serbia,2007,343
Serbia,2006,271
Serbia,2005,318
Serbia,2004,138
Sierra Leone,2025,0
Sierra Leone,2024,0
Sierra Leone,2023,0
Sierra Leone,2022,0
Sierra Leone,2021,0
Sierra Leone,2020,0
Sierra Leone,2019,0
Sierra Leone,2018,0
Sierra Leone,2017,0
Sierra Leone,2016,0
Sierra Leone,2015,0
Sierra Leone,2014,0
Sierra Leone,2013,5
Sierra Leone,2012,4
Sierra Leone,2011,0
Sierra Leone,2010,0
Sierra Leone,2009,0
Sierra Leone,2008,0
Sierra Leone,2007,0
Sierra Leone,2006,0
Sierra Leone,2005,0
Sierra Leone,2004,0
Singapore,2025,0
Singapore,2024,0
Singapore,2023,0
Singapore,2022,0
Singapore,2021,0
Singapore,2020,0
Singapore,2019,0
Singapore,2018,0
Singapore,2017,0
Singapore,2016,0
Singapore,2015,0
Singapore,2014,0
Singapore,2013,0
Singapore,2012,0
Singapore,2011,0
Singapore,2010,0
Singapore,2009,0
Singapore,2008,0
Singapore,2007,0
Singapore,2006,0
Singapore,2005,0
Singapore,2004,0
Slovakia,2025,0
Slovakia,2024,0
Slovakia,2023,0
Slovakia,2022,0
Slovakia,2021,0
Slovakia,2020,0
Slovakia,2019,0
Slovakia,2018,0
Slovakia,2017,0
Slovakia,2016,0
Slovakia,2015,0
Slovakia,2014,0
Slovakia,2013,7
Slovakia,2012,2
Slovakia,2011,0
Slovakia,2010,0
Slovakia,2009,0
Slovakia,2008,0
Slovakia,2007,0
Slovakia,2006,0
Slovakia,2005,0
Slovakia,2004,0
Slovenia,2025,0
Slovenia,2024,0
Slovenia,2023,0
Slovenia,2022,0
Slovenia,2021,0
Slovenia,2020,0
Slovenia,2019,0
Slovenia,2018,0
Slovenia,2017,0
Slovenia,2016,0
Slovenia,2015,0
Slovenia,2014,0
Slovenia,2013,0
Slovenia,2012,0
Slovenia,2011,0
Slovenia,2010,0
Slovenia,2009,0
Slovenia,2008,0
Slovenia,2007,0
Slovenia,2006,0
Slovenia,2005,0
Slovenia,2004,0
Somalia,2025,0
Somalia,2024,0
Somalia,2023,0
Somalia,2022,0
Somalia,2021,0
Somalia,2020,0
Somalia,2019,0
Somalia,2018,0
Somalia,2017,0
Somalia,2016,0
Somalia,2015,0
Somalia,2014,0
Somalia,2013,0
Somalia,2012,0
Somalia,2011,0
Somalia,2010,0
Somalia,2009,0
Somalia,2008,0
Somalia,2007,0
Somalia,2006,0
Somalia,2005,0
Somalia,2004,0
South Africa,2025,7
South Africa,2024,0
South Africa,2023,0
South Africa,2022,5
South Africa,2021,0
South Africa,2020,9
South Africa,2019,12
South Africa,2018,0
South Africa,2017,0
South Africa,2016,22
South Africa,2015,37
South Africa,2014,31
South Africa,2013,27
South Africa,2012,0
South Africa,2011,0
South Africa,2010,9
South Africa,2009,0
South Africa,2008,0
South Africa,2007,1
South Africa,2006,7
South Africa,2005,5
South Africa,2004,0
South Korea,2025,0
South Korea,2024,0
South Korea,2023,0
South Korea,2022,0
South Korea,2021,0
South Korea,2020,0
South Korea,2019,0
South Korea,2018,0
South Korea,2017,0
South Korea,2016,7
South Korea,2015,17
South Korea,2014,3
South Korea,2013,0
South Korea,2012,0
South Korea,2011,0
South Korea,2010,0
South Korea,2009,0
South Korea,2008,0
South Korea,2007,0
South Korea,2006,0
South Korea,2005,0
South Korea,2004,0
South Sudan,2025,0
South Sudan,2024,0
South Sudan,2023,0
South Sudan,2022,0
South Sudan,2021,0
South Sudan,2020,0
South Sudan,2019,0
South Sudan,2018,0
South Sudan,2017,0
South Sudan,2016,0
South Sudan,2015,0
South Sudan,2014,0
South Sudan,2013,0
South Sudan,2012,0
South Sudan,2011,0
South Sudan,2010,0
South Sudan,2009,0
South Sudan,2008,0
South Sudan,2007,0
South Sudan,2006,0
South Sudan,2005,0
South Sudan,2004,0
Spain,2025,0
Spain,2024,0
Spain,2023,0
Spain,2022,0
Spain,2021,0
Spain,2020,0
Spain,2019,0
Spain,2018,10
Spain,2017,13
Spain,2016,9
Spain,2015,3
Spain,2014,5
Spain,2013,24
Spain,2012,11
Spain,2011,0
Spain,2010,0
Spain,2009,0
Spain,2008,0
Spain,2007,0
Spain,2006,0
Spain,2005,0
Spain,2004,0
Sri Lanka,2025,0
Sri Lanka,2024,0
Sri Lanka,2023,0
Sri Lanka,2022,0
Sri Lanka,2021,0
Sri Lanka,2020,0
Sri Lanka,2019,0
Sri Lanka,2018,0
Sri Lanka,2017,0
Sri Lanka,2016,0
Sri Lanka,2015,0
Sri Lanka,2014,0
Sri Lanka,2013,0
Sri Lanka,2012,0
Sri Lanka,2011,0
Sri Lanka,2010,0
Sri Lanka,2009,0
Sri Lanka,2008,0
Sri Lanka,2007,0
Sri Lanka,2006,0
Sri Lanka,2005,0
Sri Lanka,2004,0
Sudan,2025,47
Sudan,2024,0
Sudan,2023,32
Sudan,2022,103
Sudan,2021,21
Sudan,2020,132
Sudan,2019,78
Sudan,2018,0
Sudan,2017,0
Sudan,2016,0
Sudan,2015,0
Sudan,2014,0
Sudan,2013,0
Sudan,2012,0
Sudan,2011,0
Sudan,2010,28
Sudan,2009,52
Sudan,2008,0
Sudan,2007,45
Sudan,2006,21
Sudan,2005,6
Sudan,2004,66
Sweden,2025,0
Sweden,2024,0
Sweden,2023,0
Sweden,2022,0
Sweden,2021,0
Sweden,2020,0
Sweden,2019,0
Sweden,2018,0
Sweden,2017,0
Sweden,2016,0
Sweden,2015,0
Sweden,2014,0
Sweden,2013,0
Sweden,2012,0
Sweden,2011,0
Sweden,2010,0
Sweden,2009,0
Sweden,2008,0
Sweden,2007,0
Sweden,2006,0
Sweden,2005,0
Sweden,2004,0
Switzerland,2025,24
Switzerland,2024,13
Switzerland,2023,52
Switzerland,2022,52
Switzerland,2021,23
Switzerland,2020,0
Switzerland,2019,0
Switzerland,2018,0
Switzerland,2017,0
Switzerland,2016,0
Switzerland,2015,0
Switzerland,2014,0
Switzerland,2013,19
Switzerland,2012,0
Switzerland,2011,7
Switzerland,2010,72
Switzerland,2009,24
Switzerland,2008,39
Switzerland,2007,63
Switzerland,2006,45
Switzerland,2005,30
Switzerland,2004,23
Syrian Arab Republic,2025,0
Syrian Arab Republic,2024,0
Syrian Arab Republic,2023,0
Syrian Arab Republic,2022,0
Syrian Arab Republic,2021,0
Syrian Arab Republic,2020,0
Syrian Arab Republic,2019,0
Syrian Arab Republic,2018,0
Syrian Arab Republic,2017,0
Syrian Arab Republic,2016,0
Syrian Arab Republic,2015,0
Syrian Arab Republic,2014,0
Syrian Arab Republic,2013,81
Syrian Arab Republic,2012,824
Syrian Arab Republic,2011,0
Syrian Arab Republic,2010,0
Syrian Arab Republic,2009,0
Syrian Arab Republic,2008,0
Syrian Arab Republic,2007,0
Syrian Arab Republic,2006,0
Syrian Arab Republic,2005,0
Syrian Arab Republic,2004,0
Tajikistan,2025,0
Tajikistan,2024,0
Tajikistan,2023,0
Tajikistan,2022,0
Tajikistan,2021,0
Tajikistan,2020,0
Tajikistan,2019,0
Tajikistan,2018,0
Tajikistan,2017,0
Tajikistan,2016,0
Tajikistan,2015,0
Tajikistan,2014,0
Tajikistan,2013,0
Tajikistan,2012,0
Tajikistan,2011,0
Tajikistan,2010,0
Tajikistan,2009,0
Tajikistan,2008,0
Tajikistan,2007,0
Tajikistan,2006,0
Tajikistan,2005,0
Tajikistan,2004,0
Tanzania,2025,3
Tanzania,2024,13
Tanzania,2023,15
Tanzania,2022,0
Tanzania,2021,0
Tanzania,2020,0
Tanzania,2019,0
Tanzania,2018,0
Tanzania,2017,0
Tanzania,2016,0
Tanzania,2015,32
Tanzania,2014,34
Tanzania,2013,55
Tanzania,2012,48
Tanzania,2011,8
Tanzania,2010,14
Tanzania,2009,8
Tanzania,2008,10
Tanzania,2007,2
Tanzania,2006,0
Tanzania,2005,5
Tanzania,2004,7
Thailand,2025,308
Thailand,2024,184
Thailand,2023,660
Thailand,2022,373
Thailand,2021,177
Thailand,2020,157
Thailand,2019,217
Thailand,2018,338
Thailand,2017,547
Thailand,2016,676
Thailand,2015,880
Thailand,2014,856
Thailand,2013,925
Thailand,2012,495
Thailand,2011,27
Thailand,2010,711
Thailand,2009,269
Thailand,2008,609
Thailand,2007,439
Thailand,2006,330
Thailand,2005,1006
Thailand,2004,487
The Bahamas,2025,0
The Bahamas,2024,0
The Bahamas,2023,0
The Bahamas,2022,0
The Bahamas,2021,4
The Bahamas,2020,0
The Bahamas,2019,0
The Bahamas,2018,0
The Bahamas,2017,0
The Bahamas,2016,0
The Bahamas,2015,0
The Bahamas,2014,0
The Bahamas,2013,0
The Bahamas,2012,0
The Bahamas,2011,0
The Bahamas,2010,0
The Bahamas,2009,0
The Bahamas,2008,0
The Bahamas,2007,0
The Bahamas,2006,0
The Bahamas,2005,0
The Bahamas,2004,0
Timor-Leste,2025,0
Timor-Leste,2024,0
Timor-Leste,2023,0
Timor-Leste,2022,0
Timor-Leste,2021,0
Timor-Leste,2020,0
Timor-Leste,2019,0
Timor-Leste,2018,0
Timor-Leste,2017,0
Timor-Leste,2016,0
Timor-Leste,2015,0
Timor-Leste,2014,0
Timor-Leste,2013,0
Timor-Leste,2012,0
Timor-Leste,2011,0
Timor-Leste,2010,0
Timor-Leste,2009,0
Timor-Leste,2008,0
Timor-Leste,2007,0
Timor-Leste,2006,0
Timor-Leste,2005,0
Timor-Leste,2004,0
Togo,2025,0
Togo,2024,0
Togo,2023,0
Togo,2022,0
Togo,2021,0
Togo,2020,0
Togo,2019,0
Togo,2018,0
Togo,2017,0
Togo,2016,0
Togo,2015,0
Togo,2014,0
Togo,2013,15
Togo,2012,0
Togo,2011,0
Togo,2010,0
Togo,2009,0
Togo,2008,0
Togo,2007,0
Togo,2006,0
Togo,2005,0
Togo,2004,0
Tonga,2025,0
Tonga,2024,0
Tonga,2023,0
Tonga,2022,0
Tonga,2021,0
Tonga,2020,0
Tonga,2019,0
Tonga,2018,0
Tonga,2017,0
Tonga,2016,0
Tonga,2015,0
Tonga,2014,0
Tonga,2013,0
Tonga,2012,0
Tonga,2011,0
Tonga,2010,0
Tonga,2009,0
Tonga,2008,0
Tonga,2007,0
Tonga,2006,0
Tonga,2005,0
Tonga,2004,0
Trinidad and Tobago,2025,101
Trinidad and Tobago,2024,11
Trinidad and Tobago,2023,51
Trinidad and Tobago,2022,48
Trinidad and Tobago,2021,101
Trinidad and Tobago,2020,90
Trinidad and Tobago,2019,159
Trinidad and Tobago,2018,178
Trinidad and Tobago,2017,316
Trinidad and Tobago,2016,240
Trinidad and Tobago,2015,276
Trinidad and Tobago,2014,156
Trinidad and Tobago,2013,169
Trinidad and Tobago,2012,155
Trinidad and Tobago,2011,0
Trinidad and Tobago,2010,55
Trinidad and Tobago,2009,27
Trinidad and Tobago,2008,77
Trinidad and Tobago,2007,48
Trinidad and Tobago,2006,60
Trinidad and Tobago,2005,30
Trinidad and Tobago,2004,52
Tunisia,2025,132
Tunisia,2024,26
Tunisia,2023,104
Tunisia,2022,104
Tunisia,2021,43
Tunisia,2020,77
Tunisia,2019,106
Tunisia,2018,107
Tunisia,2017,12
Tunisia,2016,34
Tunisia,2015,54
Tunisia,2014,69
Tunisia,2013,110
Tunisia,2012,78
Tunisia,2011,22
Tunisia,2010,58
Tunisia,2009,118
Tunisia,2008,161
Tunisia,2007,67
Tunisia,2006,66
Tunisia,2005,65
Tunisia,2004,114
Turkey,2025,999
Turkey,2024,313
Turkey,2023,1170
Turkey,2022,1164
Turkey,2021,1086
Turkey,2020,1105
Turkey,2019,1040
Turkey,2018,984
Turkey,2017,1157
Turkey,2016,1549
Turkey,2015,1581
Turkey,2014,2146
Turkey,2013,1667
Turkey,2012,777
Turkey,2011,1361
Turkey,2010,1198
Turkey,2009,1759
Turkey,2008,1713
Turkey,2007,735
Turkey,2006,841
Turkey,2005,1231
Turkey,2004,1296
Uganda,2025,49
Uganda,2024,42
Uganda,2023,53
Uganda,2022,0
Uganda,2021,0
Uganda,2020,0
Uganda,2019,0
Uganda,2018,0
Uganda,2017,0
Uganda,2016,0
Uganda,2015,0
Uganda,2014,26
Uganda,2013,87
Uganda,2012,69
Uganda,2011,30
Uganda,2010,62
Uganda,2009,41
Uganda,2008,61
Uganda,2007,67
Uganda,2006,64
Uganda,2005,4
Uganda,2004,0
Ukraine,2025,1169
Ukraine,2024,598
Ukraine,2023,2194
Ukraine,2022,1049
Ukraine,2021,1602
Ukraine,2020,1680
Ukraine,2019,2566
Ukraine,2018,0
Ukraine,2017,0
Ukraine,2016,0
Ukraine,2015,0
Ukraine,2014,0
Ukraine,2013,0
Ukraine,2012,0
Ukraine,2011,1010
Ukraine,2010,418
Ukraine,2009,1498
Ukraine,2008,3316
Ukraine,2007,2329
Ukraine,2006,1992
Ukraine,2005,411
Ukraine,2004,1112
United Arab Emirates,2025,2666
United Arab Emirates,2024,794
United Arab Emirates,2023,2945
United Arab Emirates,2022,2411
United Arab Emirates,2021,2207
United Arab Emirates,2020,2777
United Arab Emirates,2019,3209
United Arab Emirates,2018,2876
United Arab Emirates,2017,2670
United Arab Emirates,2016,2673
United Arab Emirates,2015,2193
United Arab Emirates,2014,1771
United Arab Emirates,2013,1455
United Arab Emirates,2012,759
United Arab Emirates,2011,2147
United Arab Emirates,2010,2304
United Arab Emirates,2009,0
United Arab Emirates,2008,2271
United Arab Emirates,2007,2920
United Arab Emirates,2006,2457
United Arab Emirates,2005,2577
United Arab Emirates,2004,2216
United Kingdom,2025,99
United Kingdom,2024,98
United Kingdom,2023,594
United Kingdom,2022,530
United Kingdom,2021,422
United Kingdom,2020,299
United Kingdom,2019,750
United Kingdom,2018,360
United Kingdom,2017,449
United Kingdom,2016,471
United Kingdom,2015,734
United Kingdom,2014,827
United Kingdom,2013,887
United Kingdom,2012,583
United Kingdom,2011,0
United Kingdom,2010,450
United Kingdom,2009,426
United Kingdom,2008,590
United Kingdom,2007,364
United Kingdom,2006,557
United Kingdom,2005,468
United Kingdom,2004,310
United States,2025,685
United States,2024,599
United States,2023,686
United States,2022,724
United States,2021,477
United States,2020,432
United States,2019,944
United States,2018,1032
United States,2017,877
United States,2016,509
United States,2015,962
United States,2014,1860
United States,2013,1761
United States,2012,1919
United States,2011,706
United States,2010,679
United States,2009,711
United States,2008,724
United States,2007,662
United States,2006,751
United States,2005,684
United States,2004,597
Uruguay,2025,0
Uruguay,2024,0
Uruguay,2023,0
Uruguay,2022,0
Uruguay,2021,0
Uruguay,2020,0
Uruguay,2019,0
Uruguay,2018,0
Uruguay,2017,0
Uruguay,2016,0
Uruguay,2015,0
Uruguay,2014,0
Uruguay,2013,0
Uruguay,2012,0
Uruguay,2011,0
Uruguay,2010,0
Uruguay,2009,0
Uruguay,2008,0
Uruguay,2007,0
Uruguay,2006,0
Uruguay,2005,0
Uruguay,2004,0
Vanuatu,2025,0
Vanuatu,2024,0
Vanuatu,2023,0
Vanuatu,2022,0
Vanuatu,2021,0
Vanuatu,2020,0
Vanuatu,2019,0
Vanuatu,2018,0
Vanuatu,2017,0
Vanuatu,2016,0
Vanuatu,2015,0
Vanuatu,2014,0
Vanuatu,2013,0
Vanuatu,2012,0
Vanuatu,2011,0
Vanuatu,2010,0
Vanuatu,2009,0
Vanuatu,2008,0
Vanuatu,2007,0
Vanuatu,2006,0
Vanuatu,2005,0
Vanuatu,2004,0
Venezuela,2025,19
Venezuela,2024,27
Venezuela,2023,72
Venezuela,2022,0
Venezuela,2021,0
Venezuela,2020,404
Venezuela,2019,1266
Venezuela,2018,1667
Venezuela,2017,2546
Venezuela,2016,3052
Venezuela,2015,3516
Venezuela,2014,3838
Venezuela,2013,4065
Venezuela,2012,2179
Venezuela,2011,9
Venezuela,2010,63
Venezuela,2009,0
Venezuela,2008,27
Venezuela,2007,31
Venezuela,2006,59
Venezuela,2005,25
Venezuela,2004,42
Viet Nam,2025,142
Viet Nam,2024,28
Viet Nam,2023,114
Viet Nam,2022,185
Viet Nam,2021,146
Viet Nam,2020,109
Viet Nam,2019,108
Viet Nam,2018,125
Viet Nam,2017,150
Viet Nam,2016,150
Viet Nam,2015,169
Viet Nam,2014,247
Viet Nam,2013,161
Viet Nam,2012,186
Viet Nam,2011,274
Viet Nam,2010,0
Viet Nam,2009,92
Viet Nam,2008,173
Viet Nam,2007,172
Viet Nam,2006,225
Viet Nam,2005,0
Viet Nam,2004,25
West Bank and Gaza,2025,0
West Bank and Gaza,2024,0
West Bank and Gaza,2023,0
West Bank and Gaza,2022,0
West Bank and Gaza,2021,0
West Bank and Gaza,2020,0
West Bank and Gaza,2019,0
West Bank and Gaza,2018,0
West Bank and Gaza,2017,0
West Bank and Gaza,2016,0
West Bank and Gaza,2015,0
West Bank and Gaza,2014,0
West Bank and Gaza,2013,0
West Bank and Gaza,2012,0
West Bank and Gaza,2011,0
West Bank and Gaza,2010,0
West Bank and Gaza,2009,0
West Bank and Gaza,2008,0
West Bank and Gaza,2007,0
West Bank and Gaza,2006,0
West Bank and Gaza,2005,0
West Bank and Gaza,2004,0
Yemen,2025,83
Yemen,2024,0
Yemen,2023,7
Yemen,2022,60
Yemen,2021,61
Yemen,2020,52
Yemen,2019,13
Yemen,2018,0
Yemen,2017,0
Yemen,2016,0
Yemen,2015,24
Yemen,2014,186
Yemen,2013,238
Yemen,2012,139
Yemen,2011,67
Yemen,2010,63
Yemen,2009,32
Yemen,2008,0
Yemen,2007,15
Yemen,2006,28
Yemen,2005,0
Yemen,2004,66
Zambia,2025,0
Zambia,2024,0
Zambia,2023,0
Zambia,2022,0
Zambia,2021,0
Zambia,2020,0
Zambia,2019,0
Zambia,2018,0
Zambia,2017,0
Zambia,2016,0
Zambia,2015,0
Zambia,2014,0
Zambia,2013,0
Zambia,2012,0
Zambia,2011,0
Zambia,2010,0
Zambia,2009,0
Zambia,2008,0
Zambia,2007,0
Zambia,2006,0
Zambia,2005,0
Zambia,2004,0
Zimbabwe,2025,8
Zimbabwe,2024,4
Zimbabwe,2023,14
Zimbabwe,2022,13
Zimbabwe,2021,0
Zimbabwe,2020,0
Zimbabwe,2019,0
Zimbabwe,2018,0
Zimbabwe,2017,0
Zimbabwe,2016,0
Zimbabwe,2015,0
Zimbabwe,2014,0
Zimbabwe,2013,0
Zimbabwe,2012,0
Zimbabwe,2011,21
Zimbabwe,2010,14
Zimbabwe,2009,4
Zimbabwe,2008,5
Zimbabwe,2007,13
Zimbabwe,2006,13
Zimbabwe,2005,0
Zimbabwe,2004,4
